post_id,influencer_id,platform,date,url,caption,reach,likes,comments
1,36,Twitter,2025-02-23 00:15:58.051049,http://www.turner.biz/tagscategory.php,"Deep throughout detail address guess unit week like. Woman north go past.
Quite throughout amount light prevent. Own job indicate building change knowledge situation.",15552,966,66
2,4,Twitter,2025-01-16 08:49:47.977481,http://stuart.com/appabout.htm,"It heavy admit life indeed now now. Perhaps the defense budget.
Office tonight article difference nature. Over already difficult nation resource enjoy thus enjoy.",40407,1083,201
3,5,Twitter,2025-07-14 09:57:46.962613,http://obrien-perez.com/tag/wp-content/postshomepage.html,American beautiful agency contain mission should. On fill woman hear writer decide three.,10098,1569,190
4,3,Instagram,2025-01-22 08:09:24.450932,http://www.vargas.com/searchterms.php,"Mother price if husband since. Imagine worry address environment career imagine.
Whole red free seven stand loss everything different. Save visit never PM. Service agent four set his radio.",46801,3905,70
5,5,Twitter,2025-05-31 09:33:37.620989,http://benjamin.biz/blogindex.php,"Society compare well fear scientist recognize study. Just statement number everything accept.
Later throw project she seven join alone record. Authority care expert but less second seem.",5647,987,428
6,5,Twitter,2025-07-01 11:58:46.025049,https://www.green-mccoy.com/list/main/apphome.php,"Expect become best interview. Usually strategy situation color rich.
Range partner true wrong international training common. Down size group put decision. Rich beautiful drug cold.",13136,2290,249
7,38,Instagram,2025-04-06 12:25:03.173752,http://www.atkinson-fisher.info/wp-contentindex.php,"Music sure draw give land PM. Despite prove care public best suggest here all. Wear rest many during trade point.
Tonight real available skill. Herself stand receive music.",14179,2260,306
8,42,YouTube,2025-02-22 09:43:44.591050,https://www.cohen.org/list/wp-contentabout.html,"Me room after item. Understand price happen growth until role arrive.
Expect indicate catch long rule. Pay run away effect. War second check ahead government simple policy.",35440,4103,275
9,2,Instagram,2025-06-10 16:01:51.097757,https://jones.com/tags/blog/apphome.html,Will seat message radio may account reveal. High strong include produce fact apply investment floor. Might step manage capital news process.,30660,1851,67
10,33,Instagram,2025-01-14 19:53:14.444680,http://www.mendoza.com/categorieshome.html,"Eat Democrat base mission certainly fly successful.
President live but add. Together office peace energy Congress. Wrong check once fact.",14168,1735,69
11,18,YouTube,2025-06-07 17:43:04.602444,http://www.woods-brown.org/category/category/wp-contentterms.htm,"Cell imagine his always push effort house.
Car difference tonight cause action course. Ground weight goal.",38339,707,481
12,13,Instagram,2025-03-01 13:04:59.976081,https://www.brown.com/tags/app/postsabout.htm,"Subject into eat because man red hospital beautiful. Phone near some section attack task civil door.
Upon common wish south resource dream. Nice different fish see.",27379,4663,12
13,32,YouTube,2025-03-26 17:51:24.290816,https://haynes.com/blog/mainindex.html,Day true so tend large under meet. Sure fight remain turn western common. Interest me whom travel three fly else.,30977,1919,155
14,25,YouTube,2025-07-18 03:19:01.906499,https://www.aguilar.biz/tag/listterms.html,"Nature be same appear. Go when difficult environmental.
Similar sound left question common. Sing eat budget against.
Hundred strategy action majority increase pressure. Seem meeting heart.",44713,3925,44
15,32,Instagram,2025-06-02 13:54:17.977499,https://fritz.org/listterms.htm,Personal coach avoid black improve which. Future different his surface many peace support. Note kid citizen her brother. Better visit lawyer since floor.,46847,1722,313
16,15,Twitter,2025-03-04 11:57:21.799253,http://martinez-hebert.net/posts/category/postsprivacy.php,"Be reduce shake your own fear. Teach success among year yet network field produce.
Operation ten before. Third religious worker hundred newspaper government next.",3850,2904,60
17,23,Twitter,2025-06-07 11:08:01.418339,https://www.frank.net/search/listterms.asp,Run couple adult federal push. Fill recently dark across. Eye cultural else subject also including.,32405,3702,162
18,13,Twitter,2025-02-05 05:15:11.515025,http://www.cole-moore.org/tags/wp-content/exploreindex.html,"Every kitchen place. Low including easy law challenge rich rock teach. Production themselves guess budget author energy Mr.
Doctor beat owner fine deal. Boy fill consider drug current.",9469,2881,410
19,35,YouTube,2025-05-14 09:48:47.055209,https://www.williams-khan.com/blog/posts/categorysearch.php,"Follow near there control. Already whose can charge go I.
Management camera effect painting affect service forward north. Late hit us body research sing leg. Bag job decision bad.",43776,1002,321
20,46,Instagram,2025-02-15 07:49:07.665071,http://www.harris.com/search/tags/tagregister.jsp,Significant mention action effect reality off western. Authority grow subject science range scientist speech. Make summer together field trial voice speech.,13245,3773,250
21,50,YouTube,2025-05-21 11:03:22.265104,https://alvarez.biz/app/app/tagsmain.php,"Physical bag major road nor. Majority meeting travel time international learn suffer.
All fall move care four major. Anyone from wait child.",6268,2112,232
22,34,Twitter,2025-07-10 08:49:53.595497,https://white.com/tags/blog/listabout.jsp,"Avoid fund sense possible.
Image structure political why.
Three us future law effect leader cup near. Cold service resource go those himself.",4705,4022,61
23,9,Instagram,2025-03-18 08:23:52.497814,http://jones.com/categories/app/tagabout.php,"Activity brother system allow. Relate act nor become nation great.
Artist life Republican someone. Skin those middle president today paper.",36484,2220,415
24,8,Instagram,2025-01-07 03:47:19.551200,http://khan-adams.com/postscategory.htm,Of picture north occur role idea send. Network picture year else. Boy eye energy thus cover left he.,12176,2574,23
25,8,Twitter,2025-03-15 04:40:00.050279,http://www.vasquez.com/listindex.htm,Animal court ever have do bed opportunity. Student letter somebody. Rock candidate trouble lot smile author remain. Movement bad leg pretty.,43952,397,492
26,11,Instagram,2025-06-05 10:13:50.278869,https://montgomery.com/search/categories/wp-contentprivacy.html,"He yes performance sing these. Several safe concern item make worker fast near.
Court base evening tend music offer. Lot everybody wide tree soon.",14664,4723,407
27,31,Instagram,2025-07-13 06:03:52.564191,https://www.bennett.com/list/mainmain.php,"About standard several room can.
You happen population little.
Woman line next figure.
Green its apply chance speak up. Edge daughter these describe Mrs listen.",18571,2743,80
28,30,YouTube,2025-02-09 11:19:55.045530,http://www.brown-johnson.com/tagsregister.html,Onto always society note bag follow manage well. Into board security affect billion increase. It between military test color although.,45627,3725,483
29,26,YouTube,2025-05-04 13:21:18.868920,http://hayden.net/tagsindex.html,"Blue yard fear growth three current at morning. Prevent model single organization cultural pay item.
Last talk pull base probably college great. Food old she until sell. Campaign look different Mrs.",1571,4967,129
30,20,Instagram,2025-05-17 17:02:58.079156,https://www.jackson.net/exploreregister.htm,"Give open two social in. Agree point age. How story thank total responsibility near.
However across data. Kitchen lawyer stop rest second.",9007,2196,97
31,33,YouTube,2025-04-09 23:45:34.491356,http://campbell.com/wp-contentfaq.html,Value early central she leave support. Business bank necessary recognize common. Record her clearly million cause.,18442,1433,330
32,27,Twitter,2025-04-19 06:39:10.546496,http://www.williams.com/wp-content/exploreprivacy.htm,"National professional employee skin.
Future happy would strategy color.
Manage scientist close type case baby. Study eat teacher together.
Treatment many agreement whatever.",10826,2634,91
33,35,Twitter,2025-06-23 02:07:59.049006,http://copeland.com/search/searchhome.jsp,"Military may focus last picture. Firm collection cover many believe moment great film.
Individual foreign figure respond ever air. Difference open computer third model forget activity.",13683,1844,216
34,28,Instagram,2025-05-26 19:44:16.920387,http://www.brown.net/list/category/searchmain.php,"Determine difference continue. Occur financial woman buy finish member color.
Whom offer former memory option lawyer shoulder. Imagine help world mother return medical.",10950,1030,441
35,49,YouTube,2025-06-20 16:38:50.543648,https://vasquez.info/explore/taghome.html,"Prepare reduce foreign young kind free court. Imagine long join house.
Market child share break. Quality close education job make break best. Born rise idea nice value can.",12559,4343,244
36,23,Twitter,2025-07-06 14:21:22.315486,http://hernandez.com/searchlogin.jsp,"Interest ask room yourself up bar. Reduce hope care. Parent however sport forget.
Particularly movie single TV. Change relationship quickly just. Pm allow you hospital recent writer no class.",40472,840,438
37,48,YouTube,2025-03-01 21:49:24.201747,https://dickson.com/main/categories/postslogin.jsp,Support smile hotel. Do view interesting might. Bed remember prepare themselves include spring here. Camera company loss boy movie.,7672,4356,175
38,30,Instagram,2025-05-01 18:34:26.019032,http://campbell.org/list/app/bloghome.html,Gas cell investment north table particular media. Hold agency move. Measure standard such manage chair religious. Send floor believe character behind economy.,32280,3020,459
39,23,Twitter,2025-05-21 01:09:40.912736,https://jackson-kirby.com/category/posts/exploreterms.htm,"Pressure nation that how such but. Father man major drug indeed easy appear film.
Commercial site interesting western garden while.",8002,2840,447
40,25,Twitter,2025-01-20 03:56:34.417244,https://www.smith.net/tags/tagsregister.html,"Data street still sort thus draw. Pick store she parent almost top.
Heavy federal will economy wife say dark. Recent agreement avoid. Senior ability market whatever will involve.",27830,3013,250
41,49,YouTube,2025-02-09 23:33:35.972768,http://www.owen.com/categoriesregister.html,Today for than either only his live. Media family at information certain. Decade increase challenge far choose continue traditional old.,20050,1763,333
42,23,Instagram,2025-05-02 03:25:32.399219,http://www.powell.info/poststerms.asp,"South conference have three easy remain Republican night. Direction little to eight someone cut responsibility.
Head western little. Blood final east reduce shake myself relationship.",31687,2139,320
43,45,Twitter,2025-02-18 20:28:17.493128,http://chandler.com/category/tags/categoriesabout.html,Today instead trouble last open fish. Second everything account which affect inside house. Full alone society street professor dark reach.,48012,3974,412
44,47,YouTube,2025-05-05 20:21:49.409354,https://www.newton.biz/mainfaq.jsp,That short today central prepare effect support really. Face others again still decade teacher. Cover middle ability source.,20105,2535,407
45,36,Twitter,2025-02-16 20:36:57.901866,https://www.mejia.net/category/listterms.html,"Call important grow. Explain audience stuff itself standard quickly may couple.
Population table minute get senior table cause. Answer side prove doctor.",34713,1330,122
46,38,YouTube,2025-04-21 06:16:45.331496,http://alexander-phillips.com/main/listmain.php,"Tonight option society arrive. Sit occur region peace. Interest main sea art book key relationship. Ok nothing conference.
Indicate shoulder issue physical. Beyond hear senior first reduce federal.",47438,1679,143
47,28,Instagram,2025-01-19 16:00:28.025089,http://hall-obrien.biz/tagscategory.php,"Simple president store bad. Try all understand maybe break sure.
Director rest kid live suffer his lay. Traditional laugh suddenly term. Scientist power box recent cold safe American.",1900,2593,45
48,25,Twitter,2025-03-30 02:29:17.033109,https://www.barnes-brown.info/category/appmain.asp,Difficult thus clearly place meet. Require car rise the successful raise themselves affect. Second me property language back second wonder.,45196,2297,351
49,4,Instagram,2025-01-11 00:06:08.656122,http://patel-sanders.com/bloghome.html,"Too fund market image. Hope pattern important hold.
Establish by call himself take certain health speech.",4053,4363,405
50,1,Instagram,2025-03-20 00:02:56.413249,http://www.keith.com/tags/taglogin.jsp,Cell wall hundred society safe enjoy theory. Hard TV dinner sometimes line. Myself PM particular enter up skill. Wind care open north.,1597,3698,233
51,21,Twitter,2025-06-17 01:39:08.365379,http://faulkner.com/posts/list/blogprivacy.htm,"Long paper six hope fall middle. Model personal trip fast. Direction inside will night prevent central.
Recognize dream energy few bill lawyer machine. Clear give century him subject.",37568,3378,497
52,41,YouTube,2025-05-13 21:06:55.991509,https://holt.biz/explore/categoryauthor.html,"Kitchen skill within guess do. Must interesting PM leader myself those loss.
Ground everything police risk condition. Structure music environmental wife. Technology husband pay blood up.",8351,4970,11
53,12,Twitter,2025-01-09 22:34:58.740573,https://www.adams-stephens.com/categorylogin.htm,Wear development not middle report building environment. We pattern sure nice character. Concern sister realize.,5540,3917,464
54,15,Instagram,2025-05-24 11:30:15.096803,https://www.ramirez.com/explorefaq.htm,Little team start practice husband long participant hospital. Five from by able.,23417,2121,27
55,26,Instagram,2025-06-10 18:23:29.301742,https://www.decker-jordan.com/blog/category/wp-contentauthor.jsp,Threat nearly recently brother ability example. Language administration lay response. Step free audience risk capital.,40531,4953,488
56,27,Instagram,2025-01-22 16:18:37.376933,http://davis.com/posts/tagsearch.html,"Once cut improve this nice official politics. Better stop politics against food. Many relate none better itself.
Voice plan shoulder benefit air art.",32407,484,65
57,15,YouTube,2025-05-24 19:41:46.631953,https://www.porter.biz/list/explore/wp-contentmain.html,"Interest message part everyone world new these. Into off myself almost my.
Step power morning. Moment perhaps interesting they side pull.",12461,3570,192
58,40,Instagram,2025-03-07 20:46:19.192454,https://www.lee.net/blog/categoryregister.htm,Job face fear plant lot. Sport eye push opportunity others military. Education control shoulder inside it street meet.,20948,2011,58
59,20,YouTube,2025-01-05 18:40:28.786965,http://www.crawford.com/blog/category/tagssearch.php,Blue threat reveal clear music third beautiful. Nice already example news necessary individual. Audience learn per would add.,1512,872,497
60,50,Twitter,2025-04-01 11:46:34.867893,http://www.trujillo.info/list/category/appabout.htm,"Pass green room message. Finally sea list buy standard reach.
During speech manager development fire us. Boy hold or artist amount space. Tax present listen sign property kitchen bag treat.",1089,4694,195
61,4,Instagram,2025-07-06 14:57:27.601328,http://www.gutierrez.biz/category/tag/postsmain.html,"Relate central ability my. Reality agreement easy business.
Late nice message region. After serve again quite international phone draw. House write main minute industry.
Begin rest national south.",7789,2932,341
62,30,YouTube,2025-02-27 07:45:27.705888,https://mathis-mcdonald.com/listmain.html,"Everything require baby camera. Seat lot wait write after true.
Sure meeting add yet. Toward debate born see almost consumer why. Throw parent standard.",33596,3780,380
63,49,Twitter,2025-01-14 08:50:29.131931,https://bryant.com/categorieshomepage.asp,"Daughter challenge child coach. Response support again quickly.
Sing open responsibility measure. Production we change increase suddenly of. Opportunity money authority bill.",12781,4286,381
64,39,Twitter,2025-06-04 03:20:38.325290,https://www.rose.com/explore/mainterms.htm,"Young development research garden degree. Measure produce her buy perhaps. Network reality responsibility enter.
Size sense strong together identify bank election decision.",12811,758,38
65,38,Instagram,2025-02-01 00:03:50.377589,https://fernandez.org/poststerms.html,Five under maintain local. Article product new left. However people time choice step.,18597,1890,203
66,2,YouTube,2025-04-13 10:45:07.245048,https://www.dominguez-price.net/category/wp-contenthomepage.php,"Politics tend state his south today through. Pattern western partner watch.
Few church treatment.
Artist science push attention individual. Rest out building own significant campaign sit world.",13629,3244,228
67,25,Twitter,2025-02-08 03:41:24.285667,https://www.myers-hill.net/search/tagterms.php,"Common just majority ever wrong month model perhaps. Administration well both hold serve act response.
Husband join enjoy fact. Call wife sing region range. Fall voice subject by along west.",34422,366,90
68,20,Instagram,2025-04-16 20:10:06.189414,https://www.jones.com/categoryhomepage.php,"Market right large laugh south. Why purpose candidate campaign even blue cut. Whether case firm result.
Simply mission interest factor apply.",31991,2449,372
69,34,YouTube,2025-06-20 19:53:02.189902,https://www.espinoza.com/tag/search/categoryregister.php,Stand realize couple successful. Will weight cost watch what Democrat five.,19631,3733,389
70,19,Instagram,2025-04-24 15:52:56.519348,http://www.henderson.org/appabout.php,"Last test father ask. Improve cell eat by certain letter small.
System student leader first. Watch interesting seat toward get head stage. Culture author daughter western arrive.",25183,823,194
71,36,YouTube,2025-01-06 02:26:52.525128,https://www.ramos-miller.info/main/appsearch.asp,"Town future room several ever it. Make evidence threat ahead road. Billion start western onto bit certain major.
Month indicate how news forward.",1043,213,433
72,5,Instagram,2025-03-25 20:58:41.184810,http://www.smith-scott.biz/explorefaq.html,Walk open education themselves woman begin. Process large agree me along. Pass nearly fact certain fish it however.,39451,4631,406
73,25,YouTube,2025-06-19 04:33:14.641259,http://www.howard.com/categorysearch.htm,Medical move already determine security pretty. Eight interesting establish work party note follow. Else smile end or family sit.,39693,908,324
74,31,YouTube,2025-04-25 13:45:25.164701,http://www.warren.com/appterms.html,"Air however clear maybe year reduce contain. Design often brother through benefit. Section practice allow up.
Year relationship suddenly. Prevent us receive letter learn American decade low.",40925,2339,406
75,44,Instagram,2025-06-10 21:23:37.416583,https://www.spence.org/categories/tagsregister.asp,Hard international audience lead interesting tough very. Herself course president performance begin everyone determine. Them think ready professional service toward stage PM.,15097,4031,167
76,48,Instagram,2025-04-11 09:49:52.935575,https://www.medina.com/category/wp-contenthomepage.html,Require grow involve institution share. Early for event Mrs forget research subject. Station describe arrive process different.,37191,4653,84
77,30,Twitter,2025-04-20 13:39:55.871292,https://diaz.com/tag/search/appmain.asp,"Level personal level reflect can father evening. Would throw hope general. Store process beat medical far.
Among opportunity else. Then arrive deal after.",1746,4440,296
78,44,YouTube,2025-07-06 12:51:54.799616,http://www.scott.org/blogabout.html,Other church easy really. Too fine box reduce example movement. Game soon level dog.,44898,1430,92
79,41,Instagram,2025-01-05 17:06:33.211832,https://www.morgan.com/explore/wp-content/categorymain.html,Room chair back or Democrat former soldier. Professional usually medical glass land focus cultural. Pick ahead lose upon improve near kid.,49669,4092,38
80,29,Twitter,2025-04-03 16:33:13.347346,http://www.olson.com/category/tagsprivacy.asp,Exactly them personal land bad exactly recognize lose. Film wind foot long could land meet. Above through tax wish necessary. Financial sure hundred professional finally case but beyond.,39731,3972,197
81,23,Twitter,2025-06-24 09:40:30.116733,https://king.info/listauthor.php,"Lose upon late end show fast course. Kid time trial rather significant happen.
Visit stay hit rock try executive. Practice second soon bed.",46334,112,480
82,20,Twitter,2025-03-01 23:39:11.037212,https://mcclain-fisher.com/categorypost.htm,"Miss good interview technology onto rather site. Him year fight become effect guy.
Avoid material care third. Table enough keep but star event term. Floor nice company president.",29660,3624,417
83,11,Twitter,2025-03-20 18:35:41.219226,https://sutton.com/category/listmain.htm,North smile Democrat activity. Participant political while much order white. Use article behind road material.,41105,1570,67
84,35,Instagram,2025-05-17 10:34:16.741701,https://www.hudson.net/listpost.html,"Pass evidence care line rule. Method maintain speak draw ground.
Friend home performance these nice seem reveal. Read find guy among challenge participant.",27592,2452,98
85,45,Twitter,2025-03-17 18:11:30.707057,http://www.parker.com/categories/explore/wp-contentauthor.html,"Maybe mean tough whose yeah report. To money bag take degree.
Charge wife challenge learn clearly. Home like although set such. Son idea nothing.",16016,222,124
86,17,Instagram,2025-05-16 05:22:22.568823,http://padilla-ramirez.biz/category/listhomepage.jsp,Film teacher decision between federal bad. Site relate feeling card. Structure song contain full return.,10090,1390,357
87,33,YouTube,2025-02-18 23:22:52.259901,https://ferguson.com/posts/tagsregister.php,Fast finally treat expect former. Fly themselves shoulder respond.,38063,1307,355
88,9,Instagram,2025-04-10 03:27:00.534392,http://www.brown.biz/app/blogmain.html,Interview situation room risk put. Newspaper character have truth church teacher. Cost summer seven he manage authority not.,44654,669,406
89,34,Instagram,2025-02-08 15:09:03.123749,http://www.taylor-simmons.com/poststerms.php,"Surface strategy important land identify. Reason price plan of. Rate despite leave send several.
During music finally generation. Even want big relationship. Data also lay first individual can lay.",38398,1764,105
90,20,Instagram,2025-01-03 12:12:39.434752,https://larson-dunn.com/main/wp-contentsearch.htm,"Agent west nearly enjoy doctor little. Cover so maybe TV everybody.
Behavior current population speak oil point already. Less tend bring executive decade focus.",28641,4193,465
91,39,Instagram,2025-05-19 06:25:03.368232,https://www.morgan.org/tags/category/appfaq.jsp,Note group deal seat theory century tree. Campaign evidence particularly manager toward. Although four dream white join firm meet theory.,36463,1778,118
92,30,Twitter,2025-01-16 18:26:39.699065,https://www.fitzgerald.com/tags/appterms.php,"Practice admit particularly practice democratic. They stuff across.
Key put step relationship tonight short impact. Mission free visit he court. Matter air all I.",31793,4521,53
93,46,YouTube,2025-03-01 17:57:12.838837,http://fernandez-martin.com/explore/tagmain.html,"Three player music example. Buy oil someone.
Others baby too soldier listen. Thus everything cultural woman.",25151,3581,437
94,23,Instagram,2025-01-11 09:07:15.991861,http://www.estrada-williams.com/search/searchprivacy.jsp,"Become history spend believe music interesting term. There wide trouble now life cut campaign.
Remember me sign who clear road have say. Begin relate together new likely sometimes.",15995,3231,264
95,4,Instagram,2025-05-11 06:27:50.866355,http://lozano.com/posts/listabout.htm,"Reveal forward newspaper everyone plant. Money southern of there manage.
Ago give team then standard discussion right. Course wind cut military. Law middle author wish manage truth energy.",35797,1928,143
96,32,YouTube,2025-07-14 16:16:03.375409,http://www.owens-sandoval.biz/appfaq.html,"You perhaps direction sea. Itself ground even gun word reach. Heavy painting writer decade own certainly join.
Last foot letter degree affect night. Pattern think prove. Blue guess thank method.",40838,3983,324
97,3,YouTube,2025-03-07 15:06:56.346439,https://www.padilla-brown.biz/tags/list/categorylogin.htm,"Painting establish husband laugh investment interest list. Financial add every after.
Exist book quite sing hair. Region life plant join hard market data once. School million campaign.",41301,2630,484
98,49,Instagram,2025-01-30 07:51:37.538167,http://www.scott-thompson.biz/wp-contentindex.html,"Hear fish several memory only change within. Bit reveal statement.
Believe factor full understand. Tv thought structure cup six in environment. Opportunity six improve water catch bad.",43074,1111,232
99,33,Instagram,2025-04-13 17:37:42.808750,http://www.rowe.com/app/categorypost.asp,Speak sometimes mind sport now his rather. Very list say increase. Image set low experience. Guy back too when example.,44516,1066,15
100,32,Twitter,2025-01-19 02:40:55.092067,http://jackson.info/list/categories/tagsregister.html,"Discover water technology cost rule find. Market they say this all. Him create project field place edge.
Civil election field perform in recent show.",45381,2325,330
101,28,Twitter,2025-02-13 16:49:54.651217,https://nelson.com/searchauthor.asp,Indeed election data speak. Military travel oil threat my. Nice population stage piece explain modern.,35730,3928,370
102,41,Twitter,2025-04-28 14:00:07.648669,https://morgan.net/list/app/mainterms.php,Girl might building result similar role. Think clearly black campaign company determine hit. Say receive simply although suddenly beat. Program central yard read themselves strategy to.,11575,1937,356
103,41,Instagram,2025-06-17 14:35:17.554537,https://www.marks.biz/blog/listmain.php,Detail fear professional analysis statement difference mouth item. Recent action dark executive. Debate food region understand agency her.,34557,4476,386
104,35,YouTube,2025-06-11 20:48:33.444747,http://www.smith.com/search/search/tagmain.htm,"Building everyone season meet specific.
Cause agent magazine position business. Modern Congress three energy affect late budget. Within baby manager final might.",40358,2369,79
105,35,Instagram,2025-07-19 15:22:04.380145,http://stark.com/main/appindex.php,"Degree audience body child these. Class charge cold next edge you style.
Anything matter major lay building office.",19752,2362,255
106,18,Instagram,2025-04-16 23:06:40.771031,http://www.patel.com/taghomepage.php,"Lot next lot economic.
Ask various hospital card everything baby someone citizen. At authority town laugh. Agree ground your future single early.",17336,2087,91
107,8,Instagram,2025-01-03 16:27:05.458506,http://www.smith.com/search/categoryterms.php,Store international over event morning general sit cause. Trip lead together. Medical moment democratic who pretty of weight. Person near during.,30523,610,239
108,24,YouTube,2025-03-12 09:45:39.884976,https://www.andrews.org/posts/blog/blogpost.htm,"Skill show we. Whether alone where artist remain strategy. Price feeling under say bank.
Home gun mission represent always cover within. Gun common wonder baby.",29570,412,186
109,27,Twitter,2025-01-02 11:17:56.234405,http://www.ray.biz/category/blogterms.html,Upon control expert day nature toward positive. Too writer fine worker. Pm threat maintain provide lawyer history wait.,44821,1155,129
110,21,Twitter,2025-01-07 01:09:09.332900,http://www.thompson.com/explorepost.php,"Land store card case suddenly.
Across between social. Third every past many concern prepare. White Democrat end quite them process.",22745,2260,142
111,8,Twitter,2025-03-27 10:57:06.016627,https://www.gregory-edwards.com/wp-content/app/apppost.jsp,"Generation write break identify federal. According issue difficult operation music.
Ready may give person research fish. Lawyer factor camera option cup argue that.",27957,163,182
112,13,Instagram,2025-01-01 09:50:41.883296,http://www.powell.net/main/app/categorieshome.jsp,"Account left where ahead generation. Great air first. Similar bit reason.
Social she job surface pick theory field bit. Usually learn expect instead west draw financial. Pressure body hear.",41574,1599,500
113,15,Instagram,2025-04-22 10:59:04.990622,http://www.jones-russell.com/list/app/searchsearch.asp,Decision exist hope study seven put.,43386,4489,189
114,42,Twitter,2025-04-26 15:51:38.528475,http://hughes.org/tagsregister.asp,"Eat artist act number include sort.
Responsibility through interesting available cover stage. Program protect also safe. Treat simple theory with final shake.",47190,4773,289
115,20,YouTube,2025-02-16 21:57:24.023581,http://www.delacruz.com/list/categorysearch.asp,"Finally game charge long window indicate born. Page but hot around event.
Unit artist nothing fly never partner former. Question important past good.",30311,202,209
116,12,Instagram,2025-07-09 17:33:59.387097,https://bradley.com/posts/blog/searchindex.asp,Fine military perform movie rather wish stand. Head soon father suggest. Story loss draw paper seem I staff.,40411,4135,156
117,50,Instagram,2025-07-10 21:57:45.303095,https://www.davis.org/categorylogin.asp,"Anything while last best watch. Either place tax need none. Natural stand federal.
Their take read beautiful Democrat. Concern fight who police level reveal election.",18931,535,210
118,40,YouTube,2025-06-02 01:37:32.972921,http://www.kline.info/posts/tags/categoryhomepage.html,"According building world suggest. Expert peace hand she.
Reason media establish form. Continue onto much it. Easy reduce purpose.
Answer might recently already. Own hard condition person away.",4641,751,290
119,8,Instagram,2025-05-08 02:51:42.632300,https://estrada-wilson.info/blogpost.php,Minute third nothing well talk computer. Dinner again anyone ask computer place describe. North home exactly turn boy second.,17597,4949,103
120,30,Twitter,2025-01-29 12:38:50.878359,https://www.torres-lopez.net/wp-content/categoriesmain.html,"Report performance sign measure have budget dog. However street boy though space.
Sign action argue mission maintain stop career. Hope available very once local spend. Quality benefit food official.",31884,3588,382
121,44,YouTube,2025-06-11 04:12:35.541979,http://www.weaver-shea.biz/listhomepage.html,"Let case strong type. After race production well attorney box. Also argue house these car floor.
Store specific red step learn process. Time newspaper way two woman every charge.",13348,2834,476
122,30,Twitter,2025-02-12 11:20:10.798306,https://young.org/tagprivacy.php,"Popular perform team already between position space.
Maintain experience decision meeting adult.
Garden source low great. Relate yourself white recently even. Free it science simple already decide.",43421,4323,425
123,39,Twitter,2025-02-26 23:58:43.830912,http://www.conway.com/taghomepage.jsp,With space specific economic fire reveal. Quality thing mind lead house kind. Today often near situation stock.,21487,1571,40
124,25,YouTube,2025-05-18 08:55:08.703604,https://www.berg.org/categoryterms.html,"While action audience face. Learn rich first lose office conference. Watch ahead your particular behind close force.
Suffer bar often no later conference. Final relationship minute drive lose.",43982,1402,41
125,9,Twitter,2025-04-12 18:54:17.189662,https://walton.com/blogregister.html,Push capital wife business participant energy here third. Yourself now control treat box personal animal. Then message pattern show.,25698,3666,14
126,6,Instagram,2025-07-18 23:14:56.382940,https://edwards.biz/search/tags/tagpost.htm,"As nearly usually all. Significant health sort real point which project. Get because away state.
Involve coach rest condition your environment. Thing shake plan discussion happen.",40190,1740,236
127,22,YouTube,2025-01-29 23:28:44.373060,https://jackson.com/listregister.php,"Spend knowledge likely environment. Group affect however learn.
First positive already treat far production. Way third against myself ahead through report. Defense to yard produce agent between.",30864,1434,486
128,3,Twitter,2025-06-09 11:20:30.970512,http://www.armstrong.com/categoryprivacy.asp,"Situation amount song final coach current about. Mind baby project plant possible weight degree.
Right enjoy newspaper report rich people. Organization house various serve.",3688,3522,398
129,4,Twitter,2025-06-15 02:16:58.101079,http://williams.info/wp-content/main/categoryauthor.html,"Chance base despite paper.
Official story sign ability. Head society thousand natural collection. Reach remain Democrat network gun.",31615,3162,142
130,50,YouTube,2025-06-22 18:08:13.640158,https://smith.com/search/search/categoryauthor.php,"Last real visit. Arm reduce once now book certain.
Tell under worker better develop community ground. Understand better lead area. Office story fast modern front second.",41848,3324,122
131,35,Instagram,2025-05-27 00:41:51.546448,https://anderson-summers.com/blogterms.html,"Bad music garden plan easy number scientist. Marriage lay hospital ability image party age.
Begin class commercial at. Site fight score.",1092,3423,297
132,1,Twitter,2025-05-20 19:21:43.161504,https://www.brown-brown.com/explore/wp-content/tagprivacy.htm,Into any dark. Stop single reduce sing history report. Far center not skin ground. Pretty environmental outside former theory.,15311,189,432
133,33,Instagram,2025-03-16 04:11:26.220037,http://fuller-sanford.com/explore/category/exploreprivacy.php,"Boy future themselves light. Certain stop seem speech choice administration window. Republican pick impact growth.
Skill section fire group sing.",24976,706,483
134,38,Instagram,2025-07-21 10:30:58.650907,http://rivera-stephens.biz/list/categoriesregister.asp,"Eight senior bad so stock myself short. Deal Congress what idea ten fight institution.
Production sister least nice despite week commercial scene. Trial person turn dream when full stage.",35606,4479,96
135,8,YouTube,2025-05-11 22:33:07.235682,https://www.porter.com/list/search/exploremain.html,"Shake open leg skill certainly nation.
About challenge wind meet movement single. Door build score fall.
Water network behavior factor within question join.",38512,721,331
136,31,YouTube,2025-05-03 16:46:48.641786,https://lewis.org/blog/categories/appregister.html,"Woman themselves tax buy item race.
At mention want past avoid real minute. Ahead ever leave memory alone boy move. Total onto hear fall indicate range.",44370,2922,337
137,11,Twitter,2025-06-25 16:43:14.958926,https://johnson.biz/mainregister.html,Into decision call hold. Scene teach stock ok. Run case within Congress so.,23122,3711,441
138,48,YouTube,2025-05-15 10:13:24.363060,https://williams.com/mainlogin.php,Know I camera there collection show TV. Might color grow even memory.,8171,2388,132
139,6,YouTube,2025-03-24 09:31:42.526130,http://foley.com/category/search/searchpost.asp,"Wide speech couple. Time area father list. Management skin himself information.
Your later firm heart test in. Ago apply last site.",48154,879,279
140,11,Instagram,2025-01-02 09:45:40.812248,http://www.harris.com/wp-content/tag/wp-contentterms.php,"Many cut director even company thing yes. Great win debate seek. First simple medical both child between.
Lay notice work deep industry dog. Wind stuff always both new push realize again.",5266,4282,185
141,39,YouTube,2025-02-06 20:04:15.048817,http://www.smith.com/main/tagsearch.php,"Information region seem worry be until.
Raise brother physical will third. Culture series none artist culture let material. Good professor two we identify find film. Table why main every reason.",16705,4875,122
142,31,Instagram,2025-03-19 15:18:19.681565,http://benton-harris.com/categoryhomepage.php,"Customer research company idea husband fire mean cup. International charge pick risk race which opportunity.
Smile edge successful officer. Garden why top realize law clear.",35494,415,452
143,12,YouTube,2025-04-07 00:49:34.634635,https://www.smith-rodriguez.com/wp-contentprivacy.php,"Social last need you him. International sing more.
American evidence effect this mouth mission. Public give still news card employee. Nothing so by top kid.",9407,1495,410
144,45,YouTube,2025-04-05 00:50:00.942023,http://novak-beck.org/main/tags/categorysearch.php,Other pretty page former. Notice note five phone floor traditional evidence.,6960,3178,453
145,36,Instagram,2025-06-06 21:00:09.302857,https://perez-garcia.com/list/app/explorecategory.php,"Involve next provide nature. Task dog look home necessary business.
Create serious something foreign fight whose. Research generation throughout kitchen federal small.",9654,1370,355
146,24,YouTube,2025-07-06 14:12:46.982551,https://cox.com/wp-content/list/appterms.html,Before usually radio still. Including guess play feeling say here.,3552,314,63
147,27,YouTube,2025-05-02 20:41:57.165389,http://www.johnson-schmidt.com/list/categorylogin.asp,"Tonight day simple market attorney hotel. Market lead help themselves.
Stay support both impact.
Recent majority song other across. Clear turn later already young. Without eye relationship.",3471,1038,386
148,50,YouTube,2025-01-07 02:20:03.609502,http://www.christensen-bernard.net/mainsearch.jsp,"Fly color language he until natural strategy. Job eye another anything fine center. Major realize law list perform rate should.
Campaign evening thought find whether care.",30531,1231,177
149,39,Instagram,2025-02-12 02:32:47.748219,https://www.jones.net/apppost.jsp,Would office hard individual result may. Article once painting why development relationship meeting. Likely cut back blue education reach career.,23309,4811,28
150,44,YouTube,2025-06-10 13:09:29.484457,https://www.ramsey.com/main/wp-contentpost.asp,"Congress top bar performance. These throw stand when.
Yard man central. Us tax science them.
Require avoid never sit. Physical me service development.",8940,1192,432
151,1,Instagram,2025-06-21 16:04:41.158536,https://www.oneal.org/searchhome.htm,Beat condition hospital wide raise. Artist top plan far newspaper staff black. Just time institution among give television.,16445,745,353
152,10,Instagram,2025-07-08 03:17:40.835965,http://williams.com/categories/categoryabout.html,Chair perform bed move several gun seat dark. Part her pick down they Congress. Exist determine support. Senior everyone mouth effort more relate.,19523,2366,313
153,17,Instagram,2025-04-10 04:22:46.307666,https://www.savage.com/wp-contentcategory.html,"Throw would often sell. Who stand statement far. Force thought floor thousand explain someone.
Move economy visit like although. Notice during under phone. Sing environmental into notice again.",46244,4267,283
154,40,Twitter,2025-03-12 04:42:50.174493,http://romero-hamilton.org/search/search/wp-contentterms.html,"Fund individual measure day. Dream cup light.
Better rock rock product must. Plan set month others. Child environment often strong past question view fly. Throughout worry class reflect speech tree.",46297,4229,81
155,46,YouTube,2025-05-30 13:48:41.751410,http://www.sanders.com/postsregister.asp,Spring major to gun. Population rule he manage. Let fish market compare development.,48141,2086,10
156,19,Twitter,2025-02-14 20:58:09.832541,https://miller-zavala.info/tag/explorehome.php,"Investment next a modern. Many apply prevent while eye.
Away audience goal deal something talk person. Suggest win take style.
Throw author with visit. Board both power through hour could.",37729,4315,421
157,41,YouTube,2025-03-05 06:15:20.180212,https://mooney-chavez.net/tagsregister.htm,"Name office whom country response itself. Hear positive themselves different represent agent.
Forward drug truth energy. Include trip nice enough strategy heart theory. Learn fire source bill up.",31525,1920,105
158,23,YouTube,2025-01-09 22:09:01.656063,https://hall.info/posts/listregister.html,"Anything smile movie require television.
Three majority success fly network environmental. Morning forget carry color marriage.",49034,2500,127
159,22,YouTube,2025-05-14 21:47:55.657280,http://johnson.org/explore/postscategory.php,Blood send pretty whether follow expert fire. Sometimes television civil keep sort. Wrong sit take follow drive far.,26448,4915,272
160,20,Instagram,2025-01-30 17:44:57.629453,https://goodman.com/categorymain.jsp,Until listen today light. Pick film same vote live drug hand. Parent learn situation mean office seem.,35019,4378,181
161,31,YouTube,2025-02-01 23:33:18.103157,https://www.rodriguez.com/wp-contentmain.jsp,"Natural dream show something.
Their they professional source. Store your word heavy common score might despite. Important left office street environmental.",18099,2880,305
162,11,Twitter,2025-01-22 12:41:36.947095,http://shah.com/main/mainhomepage.jsp,"House common same bag. Education official talk use tree.
Specific coach resource power name service project stage. System back group vote support share.",28189,4487,395
163,12,Instagram,2025-01-21 23:11:45.633272,http://www.rodriguez-aguilar.com/categories/app/searchcategory.jsp,Right building imagine whether. Claim safe street direction grow race window our.,28603,3846,215
164,38,Instagram,2025-04-04 17:03:05.054222,https://www.obrien.biz/exploreabout.html,Once hotel oil end parent. Address personal author dinner cause admit wish. Policy partner edge together social include. Become not third artist network.,6797,2825,358
165,17,Twitter,2025-03-23 21:05:48.182691,https://www.mccarthy.org/listabout.htm,"Dinner project behavior rest relate fire great cold. Against various reveal draw loss.
Issue various indicate. Structure tonight him main.",14955,3566,475
166,7,Twitter,2025-02-02 02:02:17.885422,https://molina-perry.com/main/searchhome.php,"Style knowledge song miss actually. Growth sound according coach. Morning yard the second own.
Surface south money choice station meet institution.",3541,4679,57
167,12,YouTube,2025-05-09 02:25:55.281685,http://newman.org/blog/app/tagsregister.htm,"Drive long give name of probably. Cultural suffer once ask center should. Understand defense difficult expect strong my list call.
Item edge tax short southern card girl. West its project reflect.",49564,4661,49
168,45,Twitter,2025-01-22 13:56:17.124865,http://www.pineda.com/posts/explore/postspost.html,"Upon lose society common medical property why identify. Claim look ground single indeed apply them.
Fear tend surface learn friend it question.",28788,2930,210
169,31,Instagram,2025-06-15 07:40:52.539877,http://www.dalton.org/tagpost.asp,"Others threat read us outside short.
Finally item attention me quite camera. Range might front against popular.",24353,589,292
170,20,YouTube,2025-02-02 14:35:48.084881,https://wade.net/list/categoriespost.asp,"Call woman safe agree program provide. Parent anyone partner do rock star action.
Surface organization white off partner.
Central hear state husband ready with interesting her.",19531,4891,490
171,1,Twitter,2025-02-13 17:14:17.718537,http://bond.info/categories/search/appterms.asp,"Painting agent actually manage effort process.
College hit cup class in beautiful. Them resource them anyone action attorney apply. According sound field stay.",19500,3180,131
172,20,Instagram,2025-06-08 22:02:17.269008,http://herman.biz/explore/categoryhomepage.asp,Man eye top country one agreement available task. Building remain social catch country attorney. Approach policy surface once.,40603,682,336
173,47,Instagram,2025-07-08 18:51:31.478032,http://www.ayers.biz/blog/explore/categoriesindex.php,"As father hit day budget. Western station specific picture. Though political law movie miss form.
Decide first ok tax enter. Bed garden heart spend very fire.",28141,330,91
174,38,Instagram,2025-01-09 14:40:00.426409,http://www.thomas-robertson.com/posts/posts/taghome.htm,"Against short better sort. Truth take race hot.
First property cold. Time push rise live tough.",24968,4153,464
175,28,Twitter,2025-04-26 15:01:56.974653,https://parker.org/search/searchauthor.htm,"Something actually board toward continue list. President ability I forward nothing far. Real gas become institution.
Leg become step find defense. Plant tend they.
Tell within up.",23934,3982,481
176,48,Instagram,2025-02-03 05:51:30.991546,https://day.com/listauthor.asp,"Hour road much large relationship agency. Talk girl just need.
North carry point mind speech southern heavy. Center quickly per its drive.",10069,490,393
177,49,YouTube,2025-06-05 09:19:43.060547,https://www.watts-chapman.net/wp-content/explorefaq.php,"Radio check sport.
Carry third human kid sit. Interview upon radio arm into think.
Vote campaign character industry dark media. Security enter single every.
Best provide military long whole table.",9587,4365,451
178,41,YouTube,2025-07-09 00:38:40.589571,https://smith.com/categories/main/tagfaq.htm,Property with blood rest easy magazine. Simply music sort several support store.,37667,2556,278
179,9,Twitter,2025-01-21 12:28:27.191530,http://mathews.info/tags/listcategory.php,"Will possible rather allow loss room. Sure opportunity just into business.
Why green garden eat. Bit bank young.
Describe ability until worry state. Society oil teacher itself draw.",45902,2374,375
180,44,YouTube,2025-06-07 16:34:21.051304,http://ramirez-palmer.com/tag/listhome.htm,Consider issue Republican. Election population test although language stage tree. Century employee family stuff crime late season.,37539,1959,34
181,41,YouTube,2025-01-02 03:21:04.943609,https://www.berry.com/posts/main/categoriesauthor.html,Wait cultural cold hand think. International west force inside finish. Lot think nation mention subject note summer policy.,19132,2047,230
182,19,Twitter,2025-02-21 00:36:40.534264,https://stanley.org/mainfaq.html,Yard deep carry property without. Get you improve traditional. List wife authority eye south provide.,5570,3849,14
183,12,Twitter,2025-01-25 23:36:08.486510,https://taylor.com/posts/blog/tagabout.asp,"Artist whose around next yeah. Relationship work move eye truth room join.
Voice of alone agreement there its. Friend have data risk. Road include question man job.",12231,2256,257
184,31,Twitter,2025-02-09 11:39:19.199935,https://www.jenkins-williams.net/posts/category/listfaq.htm,"City fight little hit begin. Thousand strong better standard animal share activity. Data yeah stuff natural item check.
Enter along entire region order. Hour general simple.",46949,839,347
185,22,Twitter,2025-02-25 04:08:25.825715,http://reid-young.com/tag/category/tagslogin.htm,"Son resource a market research. Each soon but quickly medical population.
Citizen executive project land thousand page. Usually push audience she.
Success benefit floor change pay.",1055,2050,153
186,27,Instagram,2025-03-16 03:40:25.057436,https://www.campbell.biz/category/categoryabout.jsp,"Station behind space interview specific ask. Age method impact painting record.
Apply green quite skin act full pass. Federal different event civil smile enjoy officer.",21622,2805,202
187,19,YouTube,2025-04-10 15:20:22.416485,https://foley-harrison.net/blogprivacy.php,Sport popular price remember provide fish. Red speech up Democrat.,47803,4530,89
188,25,Instagram,2025-06-13 12:13:58.062334,https://robinson.com/mainregister.html,"But either without determine economic test. Arm fire end.
Main number others person student. Like skin wind nation. Relate her front wind word positive range.",3099,2059,361
189,30,Twitter,2025-02-10 16:43:24.327293,http://www.allen.com/categoryabout.html,Usually report feeling himself television. Capital special interest should people tonight important.,1210,3963,275
190,26,Twitter,2025-06-30 18:03:15.662332,http://www.nelson-baxter.com/wp-content/searchsearch.asp,"Another sometimes price again down firm blood. Director card give go all. Available rich usually ten.
Race necessary night. Serve high make perform cost.",22239,4434,387
191,4,Twitter,2025-07-14 15:21:06.144799,http://taylor.com/categories/appregister.html,Cause town interesting where especially. Car garden into me black high word. Treat these reduce reveal worker chair.,18607,1925,291
192,3,YouTube,2025-02-20 06:21:23.680426,https://www.nolan-wright.com/main/categoriessearch.html,"Skin hope different ok she task. Hold center that drop response station. Box executive girl pull ability.
Really trouble let role home remember discussion. Particularly to to style share.",1759,2442,202
193,16,YouTube,2025-07-21 10:16:02.126354,https://www.wolf.com/app/postsauthor.html,"Debate cause pattern check open beat floor never.
Hold small explain nation thank senior write. My person focus letter chair term. Which play culture home crime.",37732,4618,385
194,39,Twitter,2025-06-06 02:45:14.681797,https://www.turner.com/categories/tagsindex.html,Card hand most. Senior mother also do make performance debate.,44483,2674,388
195,34,Twitter,2025-03-25 06:50:43.645949,http://www.roberts.com/category/categoryregister.html,Eat notice focus science kid company college. Reality stuff actually now strategy raise.,14934,4072,296
196,35,YouTube,2025-02-12 17:58:18.515735,http://werner.com/main/app/exploremain.html,Floor during out marriage international room may voice. Everybody area situation our. Rather data article important chair message. Authority space look something create hour tend.,45415,4209,309
197,23,Twitter,2025-04-29 22:36:17.379420,https://sherman.net/mainpost.php,"Analysis Congress live other behind station something. Spring practice draw ok. Thus upon suddenly past.
Night town teacher wrong. Company become we.",27545,3341,21
198,20,YouTube,2025-01-25 11:57:15.773362,https://www.thompson.com/maincategory.html,"Discover few job above middle official least. Mrs soon line clearly.
Thousand three relationship memory wall. Focus success always like every significant.",40796,1003,240
199,16,Instagram,2025-01-08 10:38:53.923678,http://cohen-alexander.org/search/posts/listauthor.html,"Yes few sell professor personal law process. Such series building thought summer think event. Seek remain late.
Spend popular any beyond wide. Certainly over budget.",39433,169,207
200,13,YouTube,2025-04-19 20:04:43.677771,https://duncan.net/blog/blog/blogabout.php,"Either purpose event also. Watch style teacher. Card politics something believe return technology growth common.
Its case policy market nature media. Into drop memory animal against.",13053,2533,59
